{"1": {"epoch": 1, "train_loss": 8.341183993846334, "val_BLEU_1": 0.14470998430372076, "val_BLEU_2": 0.08884807611272455, "val_BLEU_3": 0.06485790379097395, "val_BLEU_4": 0.05112448015764958, "val_ROUGE_L": 0.2399198989690845, "val_CIDER": 0.16164796333129597, "test_BLEU_1": 0.07300929996062398, "test_BLEU_2": 0.0355418350649369, "test_BLEU_3": 0.021325245416214143, "test_BLEU_4": 0.014567521801446593, "test_ROUGE_L": 0.16053265712970882, "test_CIDER": 0.01241628012970654}}